mutant_id,defect_class,file,line,killed,attribution,mechanism,witness,archived_oracle_killed,overlap_vs_archived,prev_spec_killed,current_tree_oracle_killed
lre_relop_flip_000,relop_flip,controller/LreController.java,176,True,unambiguous,"39072 membership-violation cells (39072 unambiguous, 0 CPA-edge)","MOM/reqVel; depth=-0.5, v=(0,0), roc=-1.5, obstacles=d_side_t0: mutant->('CAM', ()) NOT IN R; baseline->('OCM', ()) IN R",False,spec3_only,True,True
lre_relop_flip_001,relop_flip,controller/LreController.java,176,True,unambiguous,"14376 membership-violation cells (14376 unambiguous, 0 CPA-edge)","MOM/reqVel; depth=-0.5, v=(0,0), roc=-1.5, obstacles=d_recede: mutant->('CAM', ()) NOT IN R; baseline->('OCM', ()) IN R",False,spec3_only,True,True
lre_relop_flip_002,relop_flip,controller/LreController.java,177,True,unambiguous,"1980 membership-violation cells (408 unambiguous, 1572 CPA-edge)","MOM/reqVel; depth=0.5, v=(1,0), roc=-1.5, obstacles=s_hclose_vfar: mutant->('MOM', ()) NOT IN R; baseline->('HCM', ('advVel:0',)) IN R",False,spec3_only,True,True
lre_relop_flip_003,relop_flip,controller/LreController.java,179,True,unambiguous,"19856 membership-violation cells (11668 unambiguous, 8188 CPA-edge)","MOM/reqVel; depth=-0.5, v=(0,0), roc=-1.5, obstacles=d_recede: mutant->('HCM', ('advVel:0',)) NOT IN R; baseline->('OCM', ()) IN R",False,spec3_only,True,True
lre_relop_flip_004,relop_flip,controller/LreController.java,182,True,unambiguous,"14868 membership-violation cells (8310 unambiguous, 6558 CPA-edge)","HCM/reqVel; depth=0.5, v=(0,0), roc=-1.5, obstacles=d_recede: mutant->('HCM', ()) NOT IN R; baseline->('MOM', ('advVel:1',)) IN R",False,spec3_only,True,True
lre_relop_flip_005,relop_flip,controller/LreController.java,183,True,unambiguous,"17598 membership-violation cells (9318 unambiguous, 8280 CPA-edge)","HCM/reqVel; depth=0.5, v=(0,0), roc=-1.5, obstacles=d_recede: mutant->('HCM', ()) NOT IN R; baseline->('MOM', ('advVel:1',)) IN R",False,spec3_only,True,True
lre_relop_flip_006,relop_flip,controller/LreController.java,187,True,unambiguous,"403 membership-violation cells (259 unambiguous, 144 CPA-edge)","OCM/reqMOM; depth=0.5, v=(0,0), roc=0.0, obstacles=d_approach: mutant->('OCM', ()) NOT IN R; baseline->('MOM', ('advVel:1',)) IN R",True,both,True,True
lre_relop_flip_007,relop_flip,controller/LreController.java,188,True,unambiguous,"388 membership-violation cells (248 unambiguous, 140 CPA-edge)","OCM/reqMOM; depth=0.5, v=(0,0), roc=0.0, obstacles=d_approach: mutant->('OCM', ()) NOT IN R; baseline->('MOM', ('advVel:1',)) IN R",True,both,True,True
lre_relop_flip_008,relop_flip,controller/LreController.java,189,True,unambiguous,"31320 membership-violation cells (31320 unambiguous, 0 CPA-edge)","CAM/reqVel; depth=-0.5, v=(0,0), roc=-1.5, obstacles=d_approach: mutant->('OCM', ('advVel:0',)) NOT IN R; baseline->('CAM', ()) IN R",True,both,True,True
lre_relop_flip_009,relop_flip,operation/CheckOPEZ.java,32,True,unambiguous,"42668 membership-violation cells (22316 unambiguous, 20352 CPA-edge)","OCM/reqMOM; depth=-0.5, v=(0,0), roc=0.0, obstacles=d_approach: mutant->('MOM', ('advVel:1',)) NOT IN R; baseline->('OCM', ()) IN R",False,spec3_only,True,False
lre_cmp_swap_000,cmp_swap,controller/LreController.java,199,True,unambiguous,"162617 membership-violation cells (104715 unambiguous, 57902 CPA-edge)","OCM/reqVel; depth=-0.5, v=(0,0), roc=-1.5, obstacles=d_approach: mutant->('OCM', ()) NOT IN R; baseline->('OCM', ('advVel:v',)) IN R",True,both,True,True
lre_cmp_swap_001,cmp_swap,controller/LreController.java,222,True,unambiguous,"112338 membership-violation cells (65274 unambiguous, 47064 CPA-edge)","MOM/reqVel; depth=-0.5, v=(0,0), roc=-1.5, obstacles=d_approach: mutant->('MOM', ()) NOT IN R; baseline->('CAM', ()) IN R",True,both,True,True
lre_cmp_swap_002,cmp_swap,controller/LreController.java,272,True,unambiguous,"23184 membership-violation cells (19476 unambiguous, 3708 CPA-edge)","CAM/reqVel; depth=-0.5, v=(0,0), roc=-1.5, obstacles=d_side_t0: mutant->('CAM', ()) NOT IN R; baseline->('OCM', ('advVel:0',)) IN R",True,both,True,True
lre_cmp_swap_003,cmp_swap,sensor/Obstacle.java,27,True,unambiguous,"87480 membership-violation cells (24960 unambiguous, 62520 CPA-edge)","MOM/reqVel; depth=-0.5, v=(1,0), roc=-1.5, obstacles=s_close: mutant->('CAM', ()) NOT IN R; baseline->('HCM', ('advVel:0',)) IN R",False,spec3_only,True,False
lre_cmp_swap_004,cmp_swap,sensor/ObstacleRegister.java,33,True,unambiguous,"44502 membership-violation cells (13099 unambiguous, 31403 CPA-edge)","OCM/reqMOM; depth=0.5, v=(1,0), roc=0.0, obstacles=s_close: mutant->('MOM', ('advVel:1',)) NOT IN R; baseline->('OCM', ()) IN R",False,spec3_only,True,False
lre_cmp_swap_005,cmp_swap,sensor/Sensor.java,101,True,unambiguous,"44502 membership-violation cells (13099 unambiguous, 31403 CPA-edge)","OCM/reqMOM; depth=0.5, v=(1,0), roc=0.0, obstacles=s_close: mutant->('MOM', ('advVel:1',)) NOT IN R; baseline->('OCM', ()) IN R",False,spec3_only,True,False
lre_cmp_swap_006,cmp_swap,sensor/Sensor.java,119,True,unambiguous,"44502 membership-violation cells (13099 unambiguous, 31403 CPA-edge)","OCM/reqMOM; depth=0.5, v=(1,0), roc=0.0, obstacles=s_close: mutant->('MOM', ('advVel:1',)) NOT IN R; baseline->('OCM', ()) IN R",False,spec3_only,True,False
lre_cmp_swap_007,cmp_swap,sensor/Sensor.java,142,True,unambiguous,"11208 membership-violation cells (6672 unambiguous, 4536 CPA-edge)","MOM/reqVel; depth=-0.5, v=(0,0), roc=-1.5, obstacles=d_behind: mutant->('CAM', ()) NOT IN R; baseline->('OCM', ()) IN R",False,spec3_only,True,False
lre_cmp_swap_008,cmp_swap,sensor/Sensor.java,159,True,unambiguous,"23376 membership-violation cells (23376 unambiguous, 0 CPA-edge)","MOM/reqVel; depth=0.5, v=(0,0), roc=-1.5, obstacles=d_approach: mutant->('MOM', ()) NOT IN R; baseline->('CAM', ()) IN R",False,spec3_only,True,False
lre_cmp_swap_009,cmp_swap,sensor/Sensor.java,183,True,unambiguous,"3216 membership-violation cells (3216 unambiguous, 0 CPA-edge)","MOM/reqVel; depth=-0.5, v=(1,1), roc=-1.5, obstacles=d_side_t0: mutant->('CAM', ()) NOT IN R; baseline->('OCM', ()) IN R",False,spec3_only,True,False
lre_branch_swap_000,branch_swap,actuator/Actuator.java,25,False,not-scoreable-by-R,"below-relation: actuator-internal storage; spec3's mode relation does not depend on lastVel/lastHdng records (A09), and R's outputs (emitted advice events) are unchanged",,False,neither,False,False
lre_branch_swap_001,branch_swap,controller/LreController.java,199,False,miss,0 membership-violation cells (where baseline is a member) on the 8928-scenario grid,,False,neither,False,False
lre_branch_swap_002,branch_swap,controller/LreController.java,222,False,miss,0 membership-violation cells (where baseline is a member) on the 8928-scenario grid,,False,neither,False,False
lre_branch_swap_003,branch_swap,controller/LreController.java,253,False,miss,0 membership-violation cells (where baseline is a member) on the 8928-scenario grid,,False,neither,False,False
lre_branch_swap_004,branch_swap,controller/LreController.java,201,False,miss,0 membership-violation cells (where baseline is a member) on the 8928-scenario grid,,False,neither,False,False
lre_branch_swap_005,branch_swap,controller/LreController.java,207,False,miss,0 membership-violation cells (where baseline is a member) on the 8928-scenario grid,,False,neither,False,False
lre_branch_swap_006,branch_swap,controller/LreController.java,224,False,miss,0 membership-violation cells (where baseline is a member) on the 8928-scenario grid,,False,neither,False,False
lre_branch_swap_007,branch_swap,controller/LreController.java,230,False,miss,0 membership-violation cells (where baseline is a member) on the 8928-scenario grid,,False,neither,False,False
lre_branch_swap_008,branch_swap,controller/LreController.java,235,False,miss,0 membership-violation cells (where baseline is a member) on the 8928-scenario grid,,False,neither,False,False
lre_branch_swap_009,branch_swap,controller/LreController.java,239,False,miss,0 membership-violation cells (where baseline is a member) on the 8928-scenario grid,,False,neither,False,False
lre_branch_swap_010,branch_swap,controller/LreController.java,243,False,miss,0 membership-violation cells (where baseline is a member) on the 8928-scenario grid,,False,neither,False,False
lre_branch_swap_011,branch_swap,controller/LreController.java,255,False,miss,0 membership-violation cells (where baseline is a member) on the 8928-scenario grid,,False,neither,False,False
lre_branch_swap_012,branch_swap,controller/LreController.java,259,False,miss,0 membership-violation cells (where baseline is a member) on the 8928-scenario grid,,False,neither,False,False
lre_branch_swap_014,branch_swap,controller/LreController.java,274,False,miss,0 membership-violation cells (where baseline is a member) on the 8928-scenario grid,,False,neither,True,False
lre_sentinel_init_000,sentinel_init,controller/LreController.java,144,False,not-scoreable-by-R,no-op on R: constructor/field initial overwritten by compute()/step() refresh before any guard read (T01 fixes only the initial mode; initial record values unspecified per A09),,False,neither,False,False
lre_sentinel_init_001,sentinel_init,controller/LreController.java,145,False,not-scoreable-by-R,no-op on R: constructor/field initial overwritten by compute()/step() refresh before any guard read (T01 fixes only the initial mode; initial record values unspecified per A09),,False,neither,False,False
lre_sentinel_init_002,sentinel_init,controller/LreController.java,147,False,not-scoreable-by-R,no-op on R: constructor/field initial overwritten by compute()/step() refresh before any guard read (T01 fixes only the initial mode; initial record values unspecified per A09),,False,neither,False,False
lre_sentinel_init_003,sentinel_init,operation/CalcCDyn.java,19,False,not-scoreable-by-R,no-op on R: constructor/field initial overwritten by compute()/step() refresh before any guard read (T01 fixes only the initial mode; initial record values unspecified per A09),,False,neither,False,False
lre_sentinel_init_004,sentinel_init,operation/CalcCPA.java,36,False,not-scoreable-by-R,no-op on R: constructor/field initial overwritten by compute()/step() refresh before any guard read (T01 fixes only the initial mode; initial record values unspecified per A09),,False,neither,False,False
lre_sentinel_init_005,sentinel_init,operation/CalcCStc.java,19,False,not-scoreable-by-R,no-op on R: constructor/field initial overwritten by compute()/step() refresh before any guard read (T01 fixes only the initial mode; initial record values unspecified per A09),,False,neither,False,False
lre_sentinel_init_006,sentinel_init,sensor/Sensor.java,202,True,unambiguous,"20304 membership-violation cells (14148 unambiguous, 6156 CPA-edge)","MOM/reqVel; depth=-0.5, v=(0,0), roc=-1.5, obstacles=d_recede: mutant->('HCM', ('advVel:0',)) NOT IN R; baseline->('OCM', ()) IN R",False,spec3_only,True,False
lre_sentinel_init_007,sentinel_init,sensor/Sensor.java,221,True,unambiguous,"40536 membership-violation cells (15336 unambiguous, 25200 CPA-edge)","MOM/reqVel; depth=-0.5, v=(1,0), roc=-1.5, obstacles=s_close: mutant->('CAM', ()) NOT IN R; baseline->('HCM', ('advVel:0',)) IN R",False,spec3_only,True,False
lre_trigger_swap_000,trigger_swap,actuator/Actuator.java,25,False,not-scoreable-by-R,"below-relation: actuator-internal storage; spec3's mode relation does not depend on lastVel/lastHdng records (A09), and R's outputs (emitted advice events) are unchanged",,False,neither,False,False
lre_trigger_swap_001,trigger_swap,actuator/Actuator.java,28,False,not-scoreable-by-R,"below-relation: actuator-internal storage; spec3's mode relation does not depend on lastVel/lastHdng records (A09), and R's outputs (emitted advice events) are unchanged",,False,neither,False,False
lre_trigger_swap_004,trigger_swap,controller/LreController.java,213,True,unambiguous,"776 membership-violation cells (496 unambiguous, 280 CPA-edge)","OCM/reqOCM; depth=0.5, v=(0,0), roc=0.0, obstacles=d_approach: mutant->('MOM', ('advVel:1',)) NOT IN R; baseline->('OCM', ()) IN R",False,spec3_only,True,True
lre_trigger_swap_005,trigger_swap,controller/LreController.java,239,True,unambiguous,"4128 membership-violation cells (2532 unambiguous, 1596 CPA-edge)","MOM/reqVel; depth=0.5, v=(0,0), roc=-1.5, obstacles=d_recede: mutant->('OCM', ()) NOT IN R; baseline->('MOM', ()) IN R",True,both,True,True
lre_trigger_swap_006,trigger_swap,controller/LreController.java,243,True,unambiguous,"4296 membership-violation cells (2532 unambiguous, 1764 CPA-edge)","MOM/reqHCM; depth=0.5, v=(0,0), roc=-1.5, obstacles=d_recede: mutant->('OCM', ('advVel:0',)) NOT IN R; baseline->('HCM', ('advVel:0',)) IN R",True,both,True,True
lre_trigger_swap_007,trigger_swap,controller/LreController.java,248,True,unambiguous,"4128 membership-violation cells (2532 unambiguous, 1596 CPA-edge)","MOM/reqHdng; depth=0.5, v=(0,0), roc=-1.5, obstacles=d_recede: mutant->('HCM', ('advVel:0',)) NOT IN R; baseline->('MOM', ()) IN R",True,both,True,True
lre_trigger_swap_008,trigger_swap,controller/LreController.java,268,True,unambiguous,"2784 membership-violation cells (888 unambiguous, 1896 CPA-edge)","HCM/reqVel; depth=0.5, v=(1,0), roc=-1.5, obstacles=s_mid: mutant->('OCM', ()) NOT IN R; baseline->('HCM', ()) IN R",True,both,True,True
lre_trigger_swap_009,trigger_swap,controller/LreController.java,274,True,unambiguous,"12024 membership-violation cells (8064 unambiguous, 3960 CPA-edge)","CAM/reqVel; depth=-0.5, v=(0,0), roc=-1.5, obstacles=d_approach: mutant->('OCM', ()) NOT IN R; baseline->('CAM', ()) IN R",True,both,True,True
lre_off_by_one_000,off_by_one,constants/LreConstants.java,11,False,miss,0 membership-violation cells (where baseline is a member) on the 8928-scenario grid,,False,neither,True,False
lre_off_by_one_001,off_by_one,constants/LreConstants.java,14,False,miss,0 membership-violation cells (where baseline is a member) on the 8928-scenario grid,,False,neither,True,False
lre_off_by_one_002,off_by_one,constants/LreConstants.java,17,False,miss,0 membership-violation cells (where baseline is a member) on the 8928-scenario grid,,False,neither,True,False
lre_off_by_one_003,off_by_one,constants/LreConstants.java,20,False,miss,0 membership-violation cells (where baseline is a member) on the 8928-scenario grid,,False,neither,True,False
lre_off_by_one_004,off_by_one,controller/LreController.java,177,True,unambiguous,"744 membership-violation cells (408 unambiguous, 336 CPA-edge)","MOM/reqVel; depth=0.5, v=(1,0), roc=-1.5, obstacles=s_hclose_vfar: mutant->('MOM', ()) NOT IN R; baseline->('HCM', ('advVel:0',)) IN R",False,spec3_only,True,True
lre_off_by_one_005,off_by_one,controller/LreController.java,180,False,miss,0 membership-violation cells (where baseline is a member) on the 8928-scenario grid,,False,neither,False,False
lre_off_by_one_006,off_by_one,controller/LreController.java,186,True,unambiguous,"1552 membership-violation cells (1028 unambiguous, 524 CPA-edge)","OCM/reqMOM; depth=0.5, v=(0,0), roc=-1.5, obstacles=d_approach: mutant->('MOM', ('advVel:1',)) NOT IN R; baseline->('OCM', ()) IN R",True,both,True,True
lre_off_by_one_007,off_by_one,controller/LreController.java,187,True,unambiguous,"40 membership-violation cells (33 unambiguous, 7 CPA-edge)","OCM/reqMOM; depth=0.5, v=(0,0), roc=0.0, obstacles=d_approach: mutant->('OCM', ()) NOT IN R; baseline->('MOM', ('advVel:1',)) IN R",True,both,True,True
lre_off_by_one_008,off_by_one,controller/LreController.java,188,True,unambiguous,"88 membership-violation cells (34 unambiguous, 54 CPA-edge)","OCM/reqMOM; depth=0.5, v=(1,0), roc=0.0, obstacles=s_mid: mutant->('OCM', ()) NOT IN R; baseline->('MOM', ('advVel:1',)) IN R",True,both,True,True
lre_off_by_one_009,off_by_one,operation/CheckOPEZ.java,32,True,unambiguous,"16292 membership-violation cells (8861 unambiguous, 7431 CPA-edge)","OCM/reqMOM; depth=0.5, v=(0,0), roc=0.0, obstacles=d_approach: mutant->('OCM', ()) NOT IN R; baseline->('MOM', ('advVel:1',)) IN R",False,spec3_only,True,False
lre_drop_negation_000,drop_negation,controller/LreController.java,215,True,unambiguous,"596 membership-violation cells (380 unambiguous, 216 CPA-edge)","OCM/reqMOM; depth=-0.5, v=(0,0), roc=0.0, obstacles=d_approach: mutant->('MOM', ('advVel:1',)) NOT IN R; baseline->('OCM', ()) IN R",True,both,True,True
lre_drop_negation_007,drop_negation,sensor/ObstacleRegister.java,58,True,unambiguous,"55527 membership-violation cells (20018 unambiguous, 35509 CPA-edge)","OCM/reqMOM; depth=0.5, v=(1,0), roc=0.0, obstacles=d_close: mutant->('MOM', ('advVel:1',)) NOT IN R; baseline->('OCM', ()) IN R",False,spec3_only,True,False
