mutant_id,variant,exit,finished,errors,seconds,outcome
lre_relop_flip_008,no-dlf,0,2,0,109,verified
lre_relop_flip_008,alt-tac,142,1,2,333,timeout
lre_cmp_swap_000,no-dlf,0,2,0,126,verified
lre_cmp_swap_000,alt-tac,142,1,2,330,timeout
lre_cmp_swap_001,no-dlf,0,2,0,46,verified
lre_cmp_swap_001,alt-tac,142,1,2,318,timeout
lre_cmp_swap_002,no-dlf,0,2,0,69,verified
lre_cmp_swap_002,alt-tac,142,1,2,316,timeout
lre_branch_swap_002,no-dlf,0,2,0,85,verified
lre_branch_swap_002,alt-tac,142,1,2,318,timeout
sranger_cmp_swap_000,no-dlf,0,2,0,29,verified
sranger_cmp_swap_000,alt-tac,142,1,2,318,timeout
sranger_cmp_swap_001,no-dlf,0,2,0,29,verified
sranger_cmp_swap_001,alt-tac,142,1,2,317,timeout
sranger_cmp_swap_002,no-dlf,0,2,0,38,verified
sranger_cmp_swap_002,alt-tac,142,1,2,319,timeout
chemical_detector_cmp_swap_001,no-dlf,0,2,0,96,verified
chemical_detector_cmp_swap_001,alt-tac,142,1,2,318,timeout
chemical_detector_cmp_swap_002,no-dlf,0,2,0,44,verified
chemical_detector_cmp_swap_002,alt-tac,142,1,2,317,timeout
chemical_detector_cmp_swap_003,no-dlf,0,2,0,52,verified
chemical_detector_cmp_swap_003,alt-tac,142,1,2,318,timeout
