mutant_id,exit,passed,failed,det_stripped,seconds
baseline-lre,,,,corrfail,0
baseline-sranger,,,,corrfail,0
baseline-chemical_detector,,,,corrfail,0
baseline-lre,,,,corrfail,0
baseline-sranger,,,,corrfail,0
baseline-chemical_detector,,,,corrfail,0
baseline-lre,0,3,0,1,15
baseline-sranger,0,3,0,1,0
baseline-chemical_detector,0,9,0,3,2
lre_relop_flip_006,0,3,0,1,13
lre_relop_flip_007,0,3,0,1,13
lre_relop_flip_008,0,3,0,1,17
lre_relop_flip_009,0,3,0,1,15
lre_cmp_swap_000,0,3,0,1,1
lre_cmp_swap_001,0,3,0,1,3
lre_cmp_swap_002,0,3,0,1,4
lre_branch_swap_001,0,3,0,1,15
lre_branch_swap_002,0,3,0,1,15
lre_branch_swap_003,0,3,0,1,14
lre_branch_swap_004,0,3,0,1,15
lre_branch_swap_005,0,3,0,1,14
lre_branch_swap_006,0,3,0,1,14
lre_branch_swap_007,0,3,0,1,13
lre_branch_swap_008,0,3,0,1,15
lre_branch_swap_009,0,3,0,1,13
lre_branch_swap_010,0,3,0,1,13
lre_branch_swap_011,0,3,0,1,14
lre_branch_swap_012,0,3,0,1,16
lre_branch_swap_013,0,3,0,1,14
lre_branch_swap_014,0,3,0,1,13
lre_trigger_swap_002,0,0,0,1,1
lre_trigger_swap_003,0,3,0,1,12
lre_trigger_swap_004,0,3,0,1,13
lre_trigger_swap_005,0,3,0,1,15
lre_trigger_swap_006,0,3,0,1,14
lre_trigger_swap_007,0,3,0,1,15
lre_trigger_swap_008,0,3,0,1,15
lre_trigger_swap_009,0,3,0,1,16
lre_off_by_one_000,0,3,0,1,15
lre_off_by_one_006,0,3,0,1,14
lre_off_by_one_007,0,3,0,1,13
lre_off_by_one_008,0,3,0,1,14
lre_off_by_one_009,0,3,0,1,13
lre_drop_negation_000,0,3,0,1,12
lre_drop_negation_001,0,3,0,1,13
lre_drop_negation_002,0,3,0,1,17
lre_drop_negation_003,0,3,0,1,19
lre_drop_negation_004,0,3,0,1,17
lre_drop_negation_005,0,3,0,1,15
lre_drop_negation_006,0,3,0,1,17
sranger_relop_flip_000,0,3,0,1,1
sranger_cmp_swap_000,0,3,0,1,0
sranger_cmp_swap_001,0,3,0,1,1
sranger_cmp_swap_002,0,3,0,1,0
sranger_branch_swap_000,0,3,0,1,0
sranger_branch_swap_001,0,3,0,1,1
sranger_branch_swap_002,0,3,0,1,0
sranger_branch_swap_003,0,3,0,1,1
sranger_branch_swap_004,0,3,0,1,0
sranger_branch_swap_005,0,3,0,1,0
sranger_trigger_swap_000,0,3,0,1,1
sranger_trigger_swap_001,0,3,0,1,1
sranger_trigger_swap_002,0,3,0,1,0
sranger_trigger_swap_003,0,3,0,1,1
sranger_trigger_swap_004,0,3,0,1,0
sranger_trigger_swap_005,0,3,0,1,1
sranger_off_by_one_000,0,0,0,1,0
sranger_off_by_one_002,0,3,0,1,1
chemical_detector_relop_flip_007,0,9,0,3,1
chemical_detector_relop_flip_008,0,9,0,3,2
chemical_detector_relop_flip_009,0,9,0,3,1
chemical_detector_cmp_swap_001,0,3,6,3,2
chemical_detector_cmp_swap_002,0,9,0,3,1
chemical_detector_cmp_swap_003,0,9,0,3,2
chemical_detector_cmp_swap_004,0,3,6,3,1
chemical_detector_cmp_swap_005,0,9,0,3,2
chemical_detector_cmp_swap_006,0,9,0,3,1
chemical_detector_cmp_swap_007,0,9,0,3,2
chemical_detector_cmp_swap_008,0,9,0,3,1
chemical_detector_branch_swap_002,0,9,0,3,2
chemical_detector_branch_swap_003,0,9,0,3,1
chemical_detector_branch_swap_004,0,9,0,3,2
chemical_detector_branch_swap_005,0,9,0,3,1
chemical_detector_branch_swap_006,0,9,0,3,2
chemical_detector_branch_swap_007,0,9,0,3,1
chemical_detector_branch_swap_008,0,9,0,3,1
chemical_detector_branch_swap_009,0,9,0,3,1
chemical_detector_branch_swap_010,0,9,0,3,1
chemical_detector_branch_swap_011,0,9,0,3,2
chemical_detector_branch_swap_012,0,9,0,3,1
chemical_detector_branch_swap_013,0,9,0,3,2
chemical_detector_branch_swap_014,0,9,0,3,1
chemical_detector_branch_swap_015,0,9,0,3,2
chemical_detector_branch_swap_016,0,9,0,3,1
chemical_detector_branch_swap_017,0,9,0,3,2
chemical_detector_branch_swap_018,0,9,0,3,1
chemical_detector_branch_swap_019,0,9,0,3,2
chemical_detector_branch_swap_020,0,9,0,3,1
chemical_detector_branch_swap_021,0,9,0,3,1
chemical_detector_branch_swap_022,0,9,0,3,1
chemical_detector_branch_swap_023,0,9,0,3,1
chemical_detector_branch_swap_024,0,9,0,3,2
chemical_detector_branch_swap_025,0,9,0,3,1
chemical_detector_branch_swap_026,0,9,0,3,2
chemical_detector_branch_swap_027,0,9,0,3,1
chemical_detector_branch_swap_028,0,9,0,3,1
chemical_detector_branch_swap_029,0,9,0,3,1
chemical_detector_branch_swap_030,0,9,0,3,1
chemical_detector_branch_swap_031,0,9,0,3,2
chemical_detector_branch_swap_032,0,9,0,3,1
chemical_detector_sentinel_init_000,0,9,0,3,2
chemical_detector_trigger_swap_000,0,0,0,3,1
chemical_detector_trigger_swap_001,0,0,0,3,0
chemical_detector_trigger_swap_002,0,0,0,3,1
chemical_detector_trigger_swap_003,0,0,0,3,0
chemical_detector_trigger_swap_004,0,0,0,3,1
chemical_detector_trigger_swap_005,0,9,0,3,1
chemical_detector_trigger_swap_006,0,0,0,3,1
chemical_detector_trigger_swap_007,0,7,2,3,1
chemical_detector_trigger_swap_008,0,9,0,3,2
chemical_detector_trigger_swap_009,0,0,0,3,0
chemical_detector_trigger_swap_010,0,0,0,3,1
chemical_detector_trigger_swap_011,0,9,0,3,1
chemical_detector_trigger_swap_012,0,9,0,3,2
chemical_detector_trigger_swap_013,0,0,0,3,0
chemical_detector_trigger_swap_014,0,9,0,3,1
chemical_detector_trigger_swap_015,0,9,0,3,2
chemical_detector_trigger_swap_016,0,0,0,3,0
chemical_detector_trigger_swap_017,0,0,0,3,0
chemical_detector_trigger_swap_018,0,9,0,3,2
chemical_detector_trigger_swap_019,0,9,0,3,2
chemical_detector_trigger_swap_020,0,9,0,3,2
chemical_detector_trigger_swap_021,0,9,0,3,1
chemical_detector_trigger_swap_022,0,0,0,3,0
chemical_detector_trigger_swap_023,0,9,0,3,2
chemical_detector_trigger_swap_024,0,0,0,3,1
chemical_detector_off_by_one_001,0,3,0,3,2
chemical_detector_off_by_one_002,0,9,0,3,1
chemical_detector_off_by_one_003,0,9,0,3,2
chemical_detector_off_by_one_004,0,9,0,3,2
chemical_detector_off_by_one_005,0,9,0,3,1
chemical_detector_off_by_one_007,0,9,0,3,2
chemical_detector_drop_negation_000,0,9,0,3,1
