study,N,groups,converging_selections,selected_runs,selected_still_failing
chemical_detector,2,5,0,run-1 run-3 run-5 run-7 run-9,compile;dafny_gen;dafny_verify;fdr4 | compile;dafny_gen;dafny_verify;fdr4 | compile;dafny_gen;dafny_verify;fdr4 | compile;dafny_gen;dafny_verify;fdr4 | compile;dafny_gen;dafny_verify;fdr4
chemical_detector,3,3,0,run-1 run-4 run-7,compile;dafny_gen;dafny_verify;fdr4 | compile;dafny_gen;dafny_verify;fdr4 | compile;dafny_gen;dafny_verify;fdr4
chemical_detector,5,2,0,run-1 run-6,compile;dafny_gen;dafny_verify;fdr4 | compile;dafny_gen;dafny_verify;fdr4
chemical_detector,10,1,0,run-1,compile;dafny_gen;dafny_verify;fdr4
lre,2,5,0,run-2 run-3 run-5 run-7 run-9,dafny_verify | dafny_verify | dafny_verify | dafny_verify | dafny_verify
lre,3,3,0,run-2 run-5 run-7,dafny_verify | dafny_verify | dafny_verify
lre,5,2,0,run-2 run-6,dafny_verify | dafny_verify
lre,10,1,0,run-2,dafny_verify
sranger,2,5,0,run-2 run-3 run-5 run-7 run-9,dafny_verify;isabelle_verify | dafny_verify;isabelle_verify | dafny_verify;isabelle_verify | dafny_verify;fdr4;isabelle_verify | dafny_verify;isabelle_verify
sranger,3,3,0,run-2 run-5 run-9,dafny_verify;isabelle_verify | dafny_verify;isabelle_verify | dafny_verify;isabelle_verify
sranger,5,2,0,run-2 run-9,dafny_verify;isabelle_verify | dafny_verify;isabelle_verify
sranger,10,1,0,run-2,dafny_verify;isabelle_verify
