mutant_id,defect_class,file,line,thy_changed,scoreable,killed,new_disagree,new_outviol,reason
lre_relop_flip_000,relop_flip,controller/LreController.java,176,no,False,False,0,0,extraction-invisible on shipped extractor: .thy identical to baseline (frozen data plane / value-only / below abstraction)
lre_relop_flip_001,relop_flip,controller/LreController.java,176,no,False,False,0,0,extraction-invisible on shipped extractor: .thy identical to baseline (frozen data plane / value-only / below abstraction)
lre_relop_flip_002,relop_flip,controller/LreController.java,177,no,False,False,0,0,extraction-invisible on shipped extractor: .thy identical to baseline (frozen data plane / value-only / below abstraction)
lre_relop_flip_003,relop_flip,controller/LreController.java,179,no,False,False,0,0,extraction-invisible on shipped extractor: .thy identical to baseline (frozen data plane / value-only / below abstraction)
lre_relop_flip_004,relop_flip,controller/LreController.java,182,no,False,False,0,0,extraction-invisible on shipped extractor: .thy identical to baseline (frozen data plane / value-only / below abstraction)
lre_relop_flip_005,relop_flip,controller/LreController.java,183,no,False,False,0,0,extraction-invisible on shipped extractor: .thy identical to baseline (frozen data plane / value-only / below abstraction)
lre_relop_flip_006,relop_flip,controller/LreController.java,187,yes,True,True,104448,0,KILLED: OCM/reqVel:12288d+0o; OCM/reqHdng:12288d+0o; OCM/reqMOM:30720d+0o; OCM/reqOCM:12288d+0o; OCM/endTask:12288d+0o
lre_relop_flip_007,relop_flip,controller/LreController.java,188,yes,True,True,104448,0,KILLED: OCM/reqVel:12288d+0o; OCM/reqHdng:12288d+0o; OCM/reqMOM:30720d+0o; OCM/reqOCM:12288d+0o; OCM/endTask:12288d+0o
lre_relop_flip_008,relop_flip,controller/LreController.java,189,yes,True,True,1536000,0,KILLED: CAM/reqVel:256000d+0o; CAM/reqHdng:256000d+0o; CAM/reqMOM:256000d+0o; CAM/endTask:256000d+0o; CAM/reqHCM:256000d+0o
lre_relop_flip_009,relop_flip,operation/CheckOPEZ.java,32,no,False,False,0,0,extraction-invisible on shipped extractor: .thy identical to baseline (frozen data plane / value-only / below abstraction)
lre_cmp_swap_000,cmp_swap,controller/LreController.java,199,yes,True,True,493568,0,KILLED: OCM/reqVel:237568d+0o; OCM/reqHdng:237568d+0o; OCM/reqMOM:18432d+0o
lre_cmp_swap_001,cmp_swap,controller/LreController.java,222,yes,True,True,884000,0,KILLED: MOM/reqVel:110000d+0o; MOM/reqHdng:110000d+0o; MOM/reqMOM:110000d+0o; MOM/reqOCM:142000d+0o; MOM/endTask:142000d+0o
lre_cmp_swap_002,cmp_swap,controller/LreController.java,272,yes,True,True,1024000,0,KILLED: CAM/reqVel:128000d+0o; CAM/reqHdng:128000d+0o; CAM/reqMOM:128000d+0o; CAM/reqOCM:256000d+0o; CAM/endTask:128000d+0o
lre_cmp_swap_003,cmp_swap,sensor/Obstacle.java,27,no,False,False,0,0,extraction-invisible on shipped extractor: .thy identical to baseline (frozen data plane / value-only / below abstraction)
lre_cmp_swap_004,cmp_swap,sensor/ObstacleRegister.java,33,no,False,False,0,0,extraction-invisible on shipped extractor: .thy identical to baseline (frozen data plane / value-only / below abstraction)
lre_cmp_swap_005,cmp_swap,sensor/Sensor.java,101,no,False,False,0,0,extraction-invisible on shipped extractor: .thy identical to baseline (frozen data plane / value-only / below abstraction)
lre_cmp_swap_006,cmp_swap,sensor/Sensor.java,119,no,False,False,0,0,extraction-invisible on shipped extractor: .thy identical to baseline (frozen data plane / value-only / below abstraction)
lre_cmp_swap_007,cmp_swap,sensor/Sensor.java,142,no,False,False,0,0,extraction-invisible on shipped extractor: .thy identical to baseline (frozen data plane / value-only / below abstraction)
lre_cmp_swap_008,cmp_swap,sensor/Sensor.java,159,no,False,False,0,0,extraction-invisible on shipped extractor: .thy identical to baseline (frozen data plane / value-only / below abstraction)
lre_cmp_swap_009,cmp_swap,sensor/Sensor.java,183,no,False,False,0,0,extraction-invisible on shipped extractor: .thy identical to baseline (frozen data plane / value-only / below abstraction)
lre_branch_swap_000,branch_swap,actuator/Actuator.java,25,no,False,False,0,0,extraction-invisible on shipped extractor: .thy identical to baseline (frozen data plane / value-only / below abstraction)
lre_branch_swap_001,branch_swap,controller/LreController.java,199,yes,True,False,0,0,thy changed but relation verdicts vs requirements unchanged
lre_branch_swap_002,branch_swap,controller/LreController.java,222,yes,True,False,0,0,thy changed but relation verdicts vs requirements unchanged
lre_branch_swap_003,branch_swap,controller/LreController.java,253,yes,True,False,0,0,thy changed but relation verdicts vs requirements unchanged
lre_branch_swap_004,branch_swap,controller/LreController.java,201,yes,True,False,0,0,thy changed but relation verdicts vs requirements unchanged
lre_branch_swap_005,branch_swap,controller/LreController.java,207,yes,True,False,0,0,thy changed but relation verdicts vs requirements unchanged
lre_branch_swap_006,branch_swap,controller/LreController.java,224,yes,True,False,0,0,thy changed but relation verdicts vs requirements unchanged
lre_branch_swap_007,branch_swap,controller/LreController.java,230,yes,True,False,0,0,thy changed but relation verdicts vs requirements unchanged
lre_branch_swap_008,branch_swap,controller/LreController.java,235,yes,True,False,0,0,thy changed but relation verdicts vs requirements unchanged
lre_branch_swap_009,branch_swap,controller/LreController.java,239,yes,True,False,0,0,thy changed but relation verdicts vs requirements unchanged
lre_branch_swap_010,branch_swap,controller/LreController.java,243,yes,True,False,0,0,thy changed but relation verdicts vs requirements unchanged
lre_branch_swap_011,branch_swap,controller/LreController.java,255,yes,True,False,0,0,thy changed but relation verdicts vs requirements unchanged
lre_branch_swap_012,branch_swap,controller/LreController.java,259,yes,True,False,0,0,thy changed but relation verdicts vs requirements unchanged
lre_branch_swap_014,branch_swap,controller/LreController.java,274,yes,True,False,0,0,thy changed but relation verdicts vs requirements unchanged
lre_sentinel_init_000,sentinel_init,controller/LreController.java,144,no,False,False,0,0,extraction-invisible on shipped extractor: .thy identical to baseline (frozen data plane / value-only / below abstraction)
lre_sentinel_init_001,sentinel_init,controller/LreController.java,145,no,False,False,0,0,extraction-invisible on shipped extractor: .thy identical to baseline (frozen data plane / value-only / below abstraction)
lre_sentinel_init_002,sentinel_init,controller/LreController.java,147,no,False,False,0,0,extraction-invisible on shipped extractor: .thy identical to baseline (frozen data plane / value-only / below abstraction)
lre_sentinel_init_003,sentinel_init,operation/CalcCDyn.java,19,no,False,False,0,0,extraction-invisible on shipped extractor: .thy identical to baseline (frozen data plane / value-only / below abstraction)
lre_sentinel_init_004,sentinel_init,operation/CalcCPA.java,36,no,False,False,0,0,extraction-invisible on shipped extractor: .thy identical to baseline (frozen data plane / value-only / below abstraction)
lre_sentinel_init_005,sentinel_init,operation/CalcCStc.java,19,no,False,False,0,0,extraction-invisible on shipped extractor: .thy identical to baseline (frozen data plane / value-only / below abstraction)
lre_sentinel_init_006,sentinel_init,sensor/Sensor.java,202,no,False,False,0,0,extraction-invisible on shipped extractor: .thy identical to baseline (frozen data plane / value-only / below abstraction)
lre_sentinel_init_007,sentinel_init,sensor/Sensor.java,221,no,False,False,0,0,extraction-invisible on shipped extractor: .thy identical to baseline (frozen data plane / value-only / below abstraction)
lre_trigger_swap_000,trigger_swap,actuator/Actuator.java,25,no,False,False,0,0,extraction-invisible on shipped extractor: .thy identical to baseline (frozen data plane / value-only / below abstraction)
lre_trigger_swap_001,trigger_swap,actuator/Actuator.java,28,no,False,False,0,0,extraction-invisible on shipped extractor: .thy identical to baseline (frozen data plane / value-only / below abstraction)
lre_trigger_swap_004,trigger_swap,controller/LreController.java,213,yes,True,False,0,0,thy changed but relation verdicts vs requirements unchanged
lre_trigger_swap_005,trigger_swap,controller/LreController.java,239,yes,True,True,77750,0,KILLED: MOM/reqVel:45750d+0o; MOM/reqOCM:32000d+0o
lre_trigger_swap_006,trigger_swap,controller/LreController.java,243,yes,True,True,112000,0,KILLED: MOM/endTask:32000d+0o; MOM/reqHCM:80000d+0o
lre_trigger_swap_007,trigger_swap,controller/LreController.java,248,yes,True,True,56750,0,KILLED: MOM/reqHdng:24750d+0o; MOM/reqHCM:32000d+0o
lre_trigger_swap_008,trigger_swap,controller/LreController.java,268,yes,True,True,74000,0,KILLED: HCM/reqVel:42000d+0o; HCM/reqOCM:32000d+0o
lre_trigger_swap_009,trigger_swap,controller/LreController.java,274,yes,True,True,256000,0,KILLED: CAM/reqVel:128000d+0o; CAM/reqOCM:128000d+0o
lre_off_by_one_000,off_by_one,constants/LreConstants.java,11,no,False,False,0,0,extraction-invisible on shipped extractor: .thy identical to baseline (frozen data plane / value-only / below abstraction)
lre_off_by_one_001,off_by_one,constants/LreConstants.java,14,no,False,False,0,0,extraction-invisible on shipped extractor: .thy identical to baseline (frozen data plane / value-only / below abstraction)
lre_off_by_one_002,off_by_one,constants/LreConstants.java,17,no,False,False,0,0,extraction-invisible on shipped extractor: .thy identical to baseline (frozen data plane / value-only / below abstraction)
lre_off_by_one_003,off_by_one,constants/LreConstants.java,20,no,False,False,0,0,extraction-invisible on shipped extractor: .thy identical to baseline (frozen data plane / value-only / below abstraction)
lre_off_by_one_004,off_by_one,controller/LreController.java,177,no,False,False,0,0,extraction-invisible on shipped extractor: .thy identical to baseline (frozen data plane / value-only / below abstraction)
lre_off_by_one_005,off_by_one,controller/LreController.java,180,no,False,False,0,0,extraction-invisible on shipped extractor: .thy identical to baseline (frozen data plane / value-only / below abstraction)
lre_off_by_one_006,off_by_one,controller/LreController.java,186,yes,True,True,129024,0,KILLED: OCM/reqVel:18432d+0o; OCM/reqHdng:18432d+0o; OCM/reqMOM:18432d+0o; OCM/reqOCM:18432d+0o; OCM/endTask:18432d+0o
lre_off_by_one_007,off_by_one,controller/LreController.java,187,yes,True,True,12288,0,KILLED: OCM/reqMOM:12288d+0o
lre_off_by_one_008,off_by_one,controller/LreController.java,188,yes,True,True,12288,0,KILLED: OCM/reqMOM:12288d+0o
lre_off_by_one_009,off_by_one,operation/CheckOPEZ.java,32,no,False,False,0,0,extraction-invisible on shipped extractor: .thy identical to baseline (frozen data plane / value-only / below abstraction)
lre_drop_negation_000,drop_negation,controller/LreController.java,215,yes,True,True,147456,0,KILLED: OCM/reqVel:18432d+0o; OCM/reqHdng:18432d+0o; OCM/reqMOM:36864d+0o; OCM/reqOCM:18432d+0o; OCM/endTask:18432d+0o
lre_drop_negation_007,drop_negation,sensor/ObstacleRegister.java,58,no,False,False,0,0,extraction-invisible on shipped extractor: .thy identical to baseline (frozen data plane / value-only / below abstraction)
